"id","equipo_vhf_id","canal","tipo","created_at"
1,1,CPPL,Main,2026-01-08 16:19:53.020
2,2,CPPL,Standby,2026-01-08 16:19:53.943
3,3,CPPL,Main,2026-01-08 16:19:54.869
4,4,CPPL,Standby,2026-01-08 16:19:55.538
5,5,CAUX I,Main,2026-01-08 16:19:56.170
6,6,CAUX I,Standby,2026-01-08 16:19:56.972
7,7,CAUX I,Main,2026-01-08 16:19:57.757
8,8,CAUX I,Standby,2026-01-08 16:19:58.652
9,9,CAUX II,Main,2026-01-08 16:19:59.573
10,10,CAUX II,Standby,2026-01-08 16:20:00.298
11,11,CAUX II,Main,2026-01-08 16:20:01.310
12,12,CAUX II,Standby,2026-01-08 16:20:02.232
13,13,SMC,Main,2026-01-08 16:20:03.253
14,14,SMC,Standby,2026-01-08 16:20:03.985
15,15,SMC,Main,2026-01-08 16:20:05.005
16,16,SMC,Standby,2026-01-08 16:20:05.704
17,17,EMERG,Main,2026-01-08 16:20:06.354
18,18,EMERG,Standby,2026-01-08 16:20:07.086
19,19,EMERG,Main,2026-01-08 16:20:07.725
20,20,EMERG,Standby,2026-01-08 16:20:08.590
21,21,CLRD,Main,2026-01-08 16:20:09.414
22,22,CLRD,Standby,2026-01-08 16:20:10.218
23,23,CLRD,Main,2026-01-08 16:20:11.032
24,24,CLRD,Standby,2026-01-08 16:20:11.869
25,25,ATIS,Main,2026-01-08 16:20:12.545
26,26,ATIS,Standby,2026-01-08 16:20:13.194
27,27,ATIS,Main,2026-01-08 16:20:13.840
28,28,ATIS,Standby,2026-01-08 16:20:14.527
29,29,CPPL,Main,2026-01-08 16:20:15.338
30,30,CPPL,Standby,2026-01-08 16:20:16.063
31,31,CPPL,Main,2026-01-08 16:20:16.879
32,32,CPPL,Standby,2026-01-08 16:20:17.798
33,33,CAUX,Main,2026-01-08 16:20:18.543
34,34,CAUX,Standby,2026-01-08 16:20:19.547
35,35,CAUX,Main,2026-01-08 16:20:20.463
36,36,CAUX,Standby,2026-01-08 16:20:21.378
37,37,CBA 1,Main,2026-01-08 16:20:22.309
38,38,CBA 1,Standby,2026-01-08 16:20:23.441
39,39,CBA 1,Main,2026-01-08 16:20:24.352
40,40,CBA 1,Standby,2026-01-08 16:20:25.131
41,41,CBA 2,Main,2026-01-08 16:20:25.887
42,42,CBA 2,Standby,2026-01-08 16:20:26.728
43,43,CBA 2,Main,2026-01-08 16:20:27.385
44,44,CBA 2,Standby,2026-01-08 16:20:28.090
45,45,CBA 1,Main,2026-01-08 16:20:28.912
46,46,CBA 1,Standby,2026-01-08 16:20:29.966
47,47,CBA 1,Main,2026-01-08 16:20:31.008
48,48,CBA 1,Standby,2026-01-08 16:20:31.753
49,49,CBA 2,Main,2026-01-08 16:20:32.644
50,50,CBA 2,Standby,2026-01-08 16:20:33.306
51,51,CBA 2,Main,2026-01-08 16:20:34.036
52,52,CBA 2,Standby,2026-01-08 16:20:34.699
53,53,CPPL,Main,2026-01-08 16:20:35.739
54,54,CPPL,Standby,2026-01-08 16:20:36.630
55,55,CAUX,Main,2026-01-08 16:20:37.667
56,56,CAUX,Standby,2026-01-08 16:20:38.515
57,57,SMC,Main,2026-01-08 16:20:39.406
58,58,SMC,Standby,2026-01-08 16:20:40.229
59,59,EMERG,Main,2026-01-08 16:20:41.118
60,60,EMERG,Standby,2026-01-08 16:20:42.323
61,61,ATIS,Main,2026-01-08 16:20:43.090
62,62,ATIS,Standby,2026-01-08 16:20:43.917
63,63,CPPL,Main,2026-01-08 16:20:44.833
64,64,CPPL,Standby,2026-01-08 16:20:45.544
65,65,CAUX,Main,2026-01-08 16:20:46.387
66,66,CAUX,Standby,2026-01-08 16:20:47.244
67,67,TUC 1,Main,2026-01-08 16:20:48.108
68,68,TUC 1,Standby,2026-01-08 16:20:48.868
69,69,TUC 2,Main,2026-01-08 16:20:49.721
70,70,TUC 2,Standby,2026-01-08 16:20:50.525
71,71,CPPL,Main,2026-01-08 16:20:51.492
72,72,CPPL,Standby,2026-01-08 16:20:52.382
73,73,CAUX,Main,2026-01-08 16:20:53.338
74,74,CAUX,Standby,2026-01-08 16:20:54.318
75,75,EMERG,Main,2026-01-08 16:20:55.322
76,76,EMERG,Standby,2026-01-08 16:20:56.212
77,77,TRC 1,Main,2026-01-08 16:20:57.557
78,78,TRC 1,Standby,2026-01-08 16:20:58.448
79,79,TRC 2,Main,2026-01-08 16:20:59.477
80,80,TRC 2,Standby,2026-01-08 16:21:00.305
81,81,CPPL,Main,2026-01-08 16:21:01.950
82,82,CPPL,Standby,2026-01-08 16:21:02.856
83,83,CAUX,Main,2026-01-08 16:21:03.577
84,84,CAUX,Standby,2026-01-08 16:21:04.809
85,85,EMERG,Main,2026-01-08 16:21:06.134
86,86,EMERG,Standby,2026-01-08 16:21:06.858
87,87,CPPL,Main,2026-01-08 16:21:07.837
88,88,CPPL,Standby,2026-01-08 16:21:08.779
89,89,CAUX,Main,2026-01-08 16:21:09.610
90,90,CAUX,Standby,2026-01-08 16:21:10.389
91,91,EMERG,Main,2026-01-08 16:21:11.304
92,92,EMERG,Standby,2026-01-08 16:21:12.083
93,93,CPPL,Main,2026-01-08 16:21:13.409
94,94,CPPL,Standby,2026-01-08 16:21:14.323
95,95,CAUX,Main,2026-01-08 16:21:15.052
96,96,CAUX,Standby,2026-01-08 16:21:15.932
97,97,EMERG,Main,2026-01-08 16:21:16.982
98,98,EMERG,Standby,2026-01-08 16:21:17.735
99,99,CPPL,Main,2026-01-08 16:21:19.134
100,100,CPPL,Standby,2026-01-08 16:21:20.677
101,101,CAUX,Main,2026-01-08 16:21:21.899
102,102,CAUX,Standby,2026-01-08 16:21:22.949
103,103,EMERG,Main,2026-01-08 16:21:25.158
104,104,EMERG,Standby,2026-01-08 16:21:26.160
105,105,CPPL,Main,2026-01-08 16:21:27.566
106,106,CPPL,Standby,2026-01-08 16:21:28.248
107,107,CPPL,Main,2026-01-08 16:21:29.077
108,108,CPPL,Standby,2026-01-08 16:21:29.885
109,109,CAUX,Main,2026-01-08 16:21:30.764
110,110,CAUX,Standby,2026-01-08 16:21:31.543
111,111,CAUX,Main,2026-01-08 16:21:32.247
112,112,CAUX,Standby,2026-01-08 16:21:33.163
113,113,EMERG,Main,2026-01-08 16:21:34.551
114,114,EMERG,Standby,2026-01-08 16:21:35.586
115,115,EMERG,Main,2026-01-08 16:21:36.338
116,116,EMERG,Standby,2026-01-08 16:21:37.076
117,117,CPPL,Main,2026-01-08 16:21:37.903
118,118,CPPL,Standby,2026-01-08 16:21:38.749
119,119,CPPL,Main,2026-01-08 16:21:39.508
120,120,CPPL,Standby,2026-01-08 16:21:40.551
121,121,CAUX,Main,2026-01-08 16:21:41.265
122,122,CAUX,Standby,2026-01-08 16:21:42.292
123,123,CAUX,Main,2026-01-08 16:21:43.719
124,124,CAUX,Standby,2026-01-08 16:21:44.839
125,125,ATIS,Main,2026-01-08 16:21:45.554
126,126,ATIS,Standby,2026-01-08 16:21:46.578
127,127,CPPL,Main,2026-01-08 16:21:47.701
128,128,CPPL,Standby,2026-01-08 16:21:48.622
129,129,CAUX,Main,2026-01-08 16:21:49.465
130,130,CAUX,Standby,2026-01-08 16:21:50.395
131,131,EMERG,Main,2026-01-08 16:21:51.597
132,132,EMERG,Standby,2026-01-08 16:21:52.471
133,133,REP SALTA,Main,2026-01-08 16:21:53.153
134,134,REP SALTA,Standby,2026-01-08 16:21:54.060
135,135,CPPL,Main,2026-01-08 16:21:55.198
136,136,CPPL,Standby,2026-01-08 16:21:56.106
137,137,CPPL,Main,2026-01-08 16:21:56.893
138,138,CPPL,Standby,2026-01-08 16:21:57.723
139,139,CAUX,Main,2026-01-08 16:21:58.579
140,140,CAUX,Standby,2026-01-08 16:21:59.528
141,141,CAUX,Main,2026-01-08 16:22:00.591
142,142,CAUX,Standby,2026-01-08 16:22:01.435
143,143,EMERG,Main,2026-01-08 16:22:02.108
144,144,EMERG,Standby,2026-01-08 16:22:02.967
145,145,EMERG,Main,2026-01-08 16:22:03.694
146,146,EMERG,Standby,2026-01-08 16:22:04.634
147,147,CPPL,Main,2026-01-08 16:22:05.726
148,148,TAR 1,Main,2026-01-08 16:22:07.008
149,149,TAR 1,Standby,2026-01-08 16:22:07.890
150,150,TAR 2,Main,2026-01-08 16:22:09.262
151,151,TAR 2,Standby,2026-01-08 16:22:09.988
152,152,SUS 1,Main,2026-01-08 16:22:11.314
153,153,SUS 1,Standby,2026-01-08 16:22:12.083
154,154,SUS 2,Main,2026-01-08 16:22:12.823
155,155,SUS 2,Standby,2026-01-08 16:22:13.642
156,156,STO 1,Main,2026-01-08 16:22:14.736
157,157,STO 1,Standby,2026-01-08 16:22:15.732
158,158,STO 2,Main,2026-01-08 16:22:16.743
159,159,STO 2,Standby,2026-01-08 16:22:17.545
160,160,MTQ 1,Main,2026-01-08 16:22:18.849
161,161,MTQ 1,Standby,2026-01-08 16:22:20.083
162,162,MTQ 2,Main,2026-01-08 16:22:21.092
163,163,MTQ 2,Standby,2026-01-08 16:22:22.018
164,164,AND 1,Main,2026-01-08 16:22:22.983
165,165,AND 1,Standby,2026-01-08 16:22:23.766
166,166,AND 2,Main,2026-01-08 16:22:24.580
167,167,AND 2,Standby,2026-01-08 16:22:25.597
168,168,ANC 1,Main,2026-01-08 16:22:26.797
169,169,ANC 1,Standby,2026-01-08 16:22:27.642
170,170,ANC 2,Main,2026-01-08 16:22:28.818
171,171,ANC 2,Standby,2026-01-08 16:22:29.793
172,172,FRI 1,Main,2026-01-08 16:22:31.135
173,173,FRI 1,Standby,2026-01-08 16:22:31.853
174,174,FRI 2,Main,2026-01-08 16:22:32.621
175,175,FRI 2,Standby,2026-01-08 16:22:33.555
176,176,ERE 1,Main,2026-01-08 16:22:34.577
177,177,ERE 1,Standby,2026-01-08 16:22:35.332
178,178,ERE 2,Main,2026-01-08 16:22:36.318
179,179,ERE 2,Standby,2026-01-08 16:22:37.216
180,180,LPO 1,Main,2026-01-08 16:22:38.403
181,181,LPO 1,Standby,2026-01-08 16:22:39.214
182,182,LPO 2,Main,2026-01-08 16:22:40.140
183,183,LPO 2,Standby,2026-01-08 16:22:41.080
184,184,MTR 1,Main,2026-01-08 16:22:42.247
185,185,MTR 1,Standby,2026-01-08 16:22:43.120
186,186,MTR 2,Main,2026-01-08 16:22:44.244
187,187,MTR 2,Standby,2026-01-08 16:22:45.162
188,188,MJZ 1,Main,2026-01-08 16:22:46.463
189,189,MJZ 1,Standby,2026-01-08 16:22:47.608
190,190,MJZ 2,Main,2026-01-08 16:22:48.632
191,191,MJZ 2,Standby,2026-01-08 16:22:49.658
192,192,CPPL,Main,2026-01-08 16:22:50.850
193,193,CPPL,Standby,2026-01-08 16:22:51.708
194,194,CPPL,Main,2026-01-08 16:22:52.733
195,195,CPPL,Standby,2026-01-08 16:22:53.790
196,196,CAUX,Main,2026-01-08 16:22:54.679
197,197,CAUX,Standby,2026-01-08 16:22:55.596
198,198,CAUX,Main,2026-01-08 16:22:56.929
199,199,CAUX,Standby,2026-01-08 16:22:57.851
200,200,EMERG,Main,2026-01-08 16:22:59.503
201,201,EMERG,Standby,2026-01-08 16:23:00.406
202,202,CRV 1,Main,2026-01-08 16:23:02.157
203,203,CRV 1,Standby,2026-01-08 16:23:02.967
204,204,CRV 1,Main,2026-01-08 16:23:03.896
205,205,CRV 1,Standby,2026-01-08 16:23:04.731
206,206,CRV 2,Main,2026-01-08 16:23:05.526
207,207,CRV 2,Standby,2026-01-08 16:23:06.331
208,208,CRV 1,Main,2026-01-08 16:23:07.132
209,209,CRV 1,Standby,2026-01-08 16:23:07.985
210,210,CRV 1,Main,2026-01-08 16:23:08.789
211,211,CRV 1,Standby,2026-01-08 16:23:09.623
212,212,CRV 2,Main,2026-01-08 16:23:10.453
213,213,CRV 2,Standby,2026-01-08 16:23:11.240
214,214,CPPL,Main,2026-01-08 16:23:12.356
215,215,CPPL,Standby,2026-01-08 16:23:13.217
216,216,CAUX,Main,2026-01-08 16:23:14.137
217,217,CAUX,Standby,2026-01-08 16:23:15.061
218,218,EMERG,Main,2026-01-08 16:23:15.772
219,219,EMERG,Standby,2026-01-08 16:23:16.964
220,220,PMY 1,Main,2026-01-08 16:23:17.718
221,221,PMY 1,Standby,2026-01-08 16:23:18.634
222,222,PMY 2,Main,2026-01-08 16:23:19.453
223,223,PMY 2,Standby,2026-01-08 16:23:20.233
224,224,CPPL,Main,2026-01-08 16:23:21.291
225,225,CPPL,Standby,2026-01-08 16:23:22.289
226,226,CPPL,Main,2026-01-08 16:23:23.151
227,227,CPPL,Standby,2026-01-08 16:23:24.380
228,228,CAUX,Main,2026-01-08 16:23:25.205
229,229,CAUX,Standby,2026-01-08 16:23:26.007
230,230,CAUX,Main,2026-01-08 16:23:26.793
231,231,CAUX,Standby,2026-01-08 16:23:27.618
232,232,EMERG,Main,2026-01-08 16:23:28.700
233,233,EMERG,Standby,2026-01-08 16:23:29.596
234,234,ESQ 1,Main,2026-01-08 16:23:30.399
235,235,ESQ 1,Standby,2026-01-08 16:23:31.232
236,236,ESQ 1,Main,2026-01-08 16:23:32.052
237,237,ESQ 1,Standby,2026-01-08 16:23:32.825
238,238,ESQ 2,Main,2026-01-08 16:23:33.503
239,239,ESQ 2,Standby,2026-01-08 16:23:34.220
240,240,CPPL,Main,2026-01-08 16:23:35.431
241,241,CPPL,Standby,2026-01-08 16:23:36.262
242,242,CAUX,Main,2026-01-08 16:23:37.207
243,243,CAUX,Standby,2026-01-08 16:23:37.989
244,244,EMERG,Main,2026-01-08 16:23:39.014
245,245,EMERG,Standby,2026-01-08 16:23:39.846
246,246,ATIS,Main,2026-01-08 16:23:40.754
247,247,ATIS,Standby,2026-01-08 16:23:41.681
248,248,ECA 1,Main,2026-01-08 16:23:42.433
249,249,ECA 1,Standby,2026-01-08 16:23:43.318
250,250,ECA 2,Main,2026-01-08 16:23:44.140
251,251,ECA 2,Standby,2026-01-08 16:23:45.061
252,252,CPPL,Main,2026-01-08 16:23:46.012
253,253,CPPL,Standby,2026-01-08 16:23:46.898
254,254,CAUX,Main,2026-01-08 16:23:47.721
255,255,CAUX,Standby,2026-01-08 16:23:48.436
256,256,ATIS,Main,2026-01-08 16:23:49.353
257,257,ATIS,Standby,2026-01-08 16:23:50.174
258,258,CPPL,Main,2026-01-08 16:23:51.108
259,259,CPPL,Standby,2026-01-08 16:23:52.023
260,260,CAUX,Main,2026-01-08 16:23:52.942
261,261,CAUX,Standby,2026-01-08 16:23:53.870
262,262,EMERG,Main,2026-01-08 16:23:54.727
263,263,EMERG,Standby,2026-01-08 16:23:55.609
264,264,GAL 1,Main,2026-01-08 16:23:56.458
265,265,GAL 1,Standby,2026-01-08 16:23:57.247
266,266,GAL 2,Main,2026-01-08 16:23:58.064
267,267,GAL 2,Standby,2026-01-08 16:23:59.392
268,268,CPPL,Main,2026-01-08 16:24:00.621
269,269,CPPL,Standby,2026-01-08 16:24:01.353
270,270,CPPL,Main,2026-01-08 16:24:02.179
271,271,CPPL,Standby,2026-01-08 16:24:02.972
272,272,CAUX,Main,2026-01-08 16:24:03.897
273,273,CAUX,Standby,2026-01-08 16:24:04.719
274,274,CAUX,Main,2026-01-08 16:24:05.640
275,275,CAUX,Standby,2026-01-08 16:24:06.558
276,276,EMERG,Main,2026-01-08 16:24:07.466
277,277,EMERG,Standby,2026-01-08 16:24:08.299
278,278,GRA 1,Main,2026-01-08 16:24:09.237
279,279,GRA 1,Standby,2026-01-08 16:24:10.305
280,280,GRA 2,Main,2026-01-08 16:24:11.217
281,281,GRA 2,Standby,2026-01-08 16:24:12.100
282,282,CPPL,Main,2026-01-08 16:24:13.182
283,283,CPPL,Standby,2026-01-08 16:24:14.138
284,284,CAUX,Main,2026-01-08 16:24:15.071
285,285,CAUX,Standby,2026-01-08 16:24:15.966
286,286,EMERG,Main,2026-01-08 16:24:16.880
287,287,EMERG,Standby,2026-01-08 16:24:17.726
288,288,ATIS,Main,2026-01-08 16:24:18.640
289,289,ATIS,Standby,2026-01-08 16:24:19.414
290,290,EAVA NORTE,Main,2026-01-08 16:24:20.484
291,291,EAVA NORTE,Standby,2026-01-08 16:24:21.342
292,292,CPPL,Main,2026-01-08 16:24:22.431
293,293,CPPL,Standby,2026-01-08 16:24:23.457
294,294,CAUX,Main,2026-01-08 16:24:24.177
295,295,CAUX,Standby,2026-01-08 16:24:25.095
296,296,ATIS,Main,2026-01-08 16:24:25.927
297,297,ATIS,Standby,2026-01-08 16:24:26.741
298,298,CPPL,Main,2026-01-08 16:24:27.460
299,299,CPPL,Standby,2026-01-08 16:24:28.378
300,300,CAUX,Main,2026-01-08 16:24:29.201
301,301,CAUX,Standby,2026-01-08 16:24:30.113
302,302,EMERG,Main,2026-01-08 16:24:30.924
303,303,EMERG,Standby,2026-01-08 16:24:31.848
304,304,CPPL,Main,2026-01-08 16:24:33.116
305,305,CPPL,Standby,2026-01-08 16:24:34.207
306,306,CPPL,Main,2026-01-08 16:24:34.940
307,307,CPPL,Standby,2026-01-08 16:24:35.732
308,308,CAUX,Main,2026-01-08 16:24:36.672
309,309,CAUX,Standby,2026-01-08 16:24:37.489
310,310,CAUX,Main,2026-01-08 16:24:38.304
311,311,CAUX,Standby,2026-01-08 16:24:39.222
312,312,EMERG,Main,2026-01-08 16:24:39.971
313,313,EMERG,Standby,2026-01-08 16:24:40.869
314,314,VIE 1,Main,2026-01-08 16:24:41.920
315,315,VIE 1,Standby,2026-01-08 16:24:42.787
316,316,VIE 2,Main,2026-01-08 16:24:43.736
317,317,VIE 2,Standby,2026-01-08 16:24:44.467
318,318,SJU 1,Main,2026-01-08 16:24:45.578
319,319,SJU 1,Standby,2026-01-08 16:24:46.399
320,320,SJU 2,Main,2026-01-08 16:24:47.226
321,321,SJU 2,Standby,2026-01-08 16:24:48.140
322,322,RMY 1,Main,2026-01-08 16:24:49.715
323,323,RMY 1,Standby,2026-01-08 16:24:50.595
324,324,RMY 2,Main,2026-01-08 16:24:51.415
325,325,RMY 2,Standby,2026-01-08 16:24:52.336
326,326,IJC 1,Main,2026-01-08 16:24:53.497
327,327,IJC 1,Standby,2026-01-08 16:24:54.487
328,328,IJC 2,Main,2026-01-08 16:24:55.318
329,329,IJC 2,Standby,2026-01-08 16:24:56.239
330,330,CPPL,Main,2026-01-08 16:24:57.405
331,331,CPPL,Standby,2026-01-08 16:24:58.376
332,332,CAUX,Main,2026-01-08 16:24:59.196
333,333,CAUX,Standby,2026-01-08 16:25:00.120
334,334,SMC,Main,2026-01-08 16:25:00.948
335,335,SMC,Standby,2026-01-08 16:25:01.878
336,336,ATIS,Main,2026-01-08 16:25:02.802
337,337,ATIS,Standby,2026-01-08 16:25:03.673
338,338,CPPL,Main,2026-01-08 16:25:04.524
339,339,CPPL,Standby,2026-01-08 16:25:05.783
340,340,CAUX,Main,2026-01-08 16:25:06.575
341,341,CAUX,Standby,2026-01-08 16:25:07.398
342,342,EMERG,Main,2026-01-08 16:25:08.240
343,343,EMERG,Standby,2026-01-08 16:25:09.042
344,344,MILITAR,Main,2026-01-08 16:25:09.926
345,345,MILITAR,Standby,2026-01-08 16:25:10.746
346,346,DOZ 1,Main,2026-01-08 16:25:11.691
347,347,DOZ 1,Standby,2026-01-08 16:25:12.611
348,348,DOZ 2,Main,2026-01-08 16:25:13.539
349,349,DOZ 2,Standby,2026-01-08 16:25:14.389
350,350,CPPL,Main,2026-01-08 16:25:15.475
351,351,CPPL,Standby,2026-01-08 16:25:16.198
352,352,CAUX,Main,2026-01-08 16:25:17.107
353,353,CAUX,Standby,2026-01-08 16:25:18.147
354,354,EMERG,Main,2026-01-08 16:25:18.926
355,355,EMERG,Standby,2026-01-08 16:25:20.000
356,356,JUA 1,Main,2026-01-08 16:25:20.904
357,357,JUA 1,Standby,2026-01-08 16:25:21.926
358,358,JUA 2,Main,2026-01-08 16:25:22.853
359,359,JUA 2,Standby,2026-01-08 16:25:23.728
360,360,CPPL,Main,2026-01-08 16:25:24.813
361,361,CPPL,Standby,2026-01-08 16:25:25.827
362,362,CAUX,Main,2026-01-08 16:25:26.567
363,363,CAUX,Standby,2026-01-08 16:25:27.374
364,364,EMERG,Main,2026-01-08 16:25:28.287
365,365,EMERG,Standby,2026-01-08 16:25:29.139
366,366,RYD 1,Main,2026-01-08 16:25:29.934
367,367,RYD 1,Standby,2026-01-08 16:25:30.840
368,368,RYD 2,Main,2026-01-08 16:25:31.657
369,369,RYD 2,Standby,2026-01-08 16:25:32.579
370,370,CPPL,Main,2026-01-08 16:25:33.937
371,371,CPPL,Standby,2026-01-08 16:25:34.807
372,372,CAUX,Main,2026-01-08 16:25:35.599
373,373,CAUX,Standby,2026-01-08 16:25:36.388
374,374,EMERG,Main,2026-01-08 16:25:37.290
375,375,EMERG,Standby,2026-01-08 16:25:38.114
376,376,CPPL,Main,2026-01-08 16:25:39.438
377,377,CPPL,Standby,2026-01-08 16:25:40.463
378,378,CAUX,Main,2026-01-08 16:25:41.506
379,379,CAUX,Standby,2026-01-08 16:25:42.309
380,380,EMERG,Main,2026-01-08 16:25:43.333
381,381,EMERG,Standby,2026-01-08 16:25:44.098
382,382,CPPL,Main,2026-01-08 16:25:45.215
383,383,CPPL,Standby,2026-01-08 16:25:46.105
384,384,CAUX,Main,2026-01-08 16:25:46.923
385,385,CAUX,Standby,2026-01-08 16:25:48.044
386,386,EMERG,Main,2026-01-08 16:25:49.308
387,387,EMERG,Standby,2026-01-08 16:25:50.372
388,388,MLG 1,Main,2026-01-08 16:25:51.461
389,389,MLG 1,Standby,2026-01-08 16:25:52.343
390,390,MLG 2,Main,2026-01-08 16:25:53.262
391,391,MLG 2,Standby,2026-01-08 16:25:54.181
392,392,RIN 1,Main,2026-01-08 16:25:55.424
393,393,RIN 1,Standby,2026-01-08 16:25:56.334
394,394,RIN 2,Main,2026-01-08 16:25:57.058
395,395,RIN 2,Standby,2026-01-08 16:25:57.866
396,396,RIN 1,Main,2026-01-08 16:25:59.036
397,397,RIN 1,Standby,2026-01-08 16:25:59.823
398,398,RIN 2,Main,2026-01-08 16:26:00.849
399,399,RIN 2,Standby,2026-01-08 16:26:01.788
400,400,CPPL,Main,2026-01-08 16:26:03.099
401,401,CPPL,Standby,2026-01-08 16:26:04.013
402,402,CAUX,Main,2026-01-08 16:26:04.853
403,403,CAUX,Standby,2026-01-08 16:26:05.648
404,404,SMC,Main,2026-01-08 16:26:06.473
405,405,SMC,Standby,2026-01-08 16:26:07.194
406,406,CPPL,Main,2026-01-08 16:26:07.971
407,407,CPPL,Standby,2026-01-08 16:26:08.860
408,408,CAUX,Main,2026-01-08 16:26:09.669
409,409,CAUX,Standby,2026-01-08 16:26:10.378
410,410,EMERG,Main,2026-01-08 16:26:11.196
411,411,EMERG,Standby,2026-01-08 16:26:11.905
412,412,ATIS,Main,2026-01-08 16:26:12.782
413,413,ATIS,Standby,2026-01-08 16:26:13.635
414,414,SIS 1,Main,2026-01-08 16:26:14.607
415,415,SIS 1,Standby,2026-01-08 16:26:15.412
416,416,SIS 2,Main,2026-01-08 16:26:16.218
417,417,SIS 2,Standby,2026-01-08 16:26:16.943
418,418,CPPL,Main,2026-01-08 16:26:18.054
419,419,CPPL,Standby,2026-01-08 16:26:18.857
420,420,CAUX,Main,2026-01-08 16:26:19.761
421,421,CAUX,Standby,2026-01-08 16:26:20.622
422,422,EMERG,Main,2026-01-08 16:26:21.761
423,423,EMERG,Standby,2026-01-08 16:26:22.632
424,424,FSA 1,Main,2026-01-08 16:26:23.449
425,425,FSA 1,Standby,2026-01-08 16:26:24.393
426,426,FSA 2,Main,2026-01-08 16:26:25.314
427,427,FSA 2,Standby,2026-01-08 16:26:26.136
428,428,CPPL,Main,2026-01-08 16:26:28.094
429,429,CPPL,Standby,2026-01-08 16:26:30.185
430,430,CAUX,Main,2026-01-08 16:26:31.506
431,431,CAUX,Standby,2026-01-08 16:26:32.922
432,432,SMC,Main,2026-01-08 16:26:34.092
433,433,SMC,Standby,2026-01-08 16:26:35.095
434,434,ATIS,Main,2026-01-08 16:26:36.222
435,435,ATIS,Standby,2026-01-08 16:26:37.252
436,436,EMERG,Main,2026-01-08 16:26:38.262
437,437,EMERG,Standby,2026-01-08 16:26:39.290
438,438,IGU 1,Main,2026-01-08 16:26:40.599
439,439,IGU 1,Standby,2026-01-08 16:26:41.633
440,440,IGU 2,Main,2026-01-08 16:26:42.631
441,441,IGU 2,Standby,2026-01-08 16:26:43.393
442,442,CPPL,Main,2026-01-08 16:26:44.474
443,443,CPPL,Standby,2026-01-08 16:26:45.258
444,444,CAUX,Main,2026-01-08 16:26:45.964
445,445,CAUX,Standby,2026-01-08 16:26:46.723
446,446,EMERG,Main,2026-01-08 16:26:47.536
447,447,EMERG,Standby,2026-01-08 16:26:48.353
448,448,POS 1,Main,2026-01-08 16:26:48.986
449,449,POS 1,Standby,2026-01-08 16:26:49.754
450,450,POS 2,Main,2026-01-08 16:26:50.498
451,451,POS 2,Standby,2026-01-08 16:26:51.394
452,452,CPPL,Main,2026-01-08 16:26:52.511
453,453,CPPL,Standby,2026-01-08 16:26:53.262
454,454,CAUX,Main,2026-01-08 16:26:54.085
455,455,CAUX,Standby,2026-01-08 16:26:55.006
456,456,Uruguaiana,Main,2026-01-08 16:26:55.920
457,457,Uruguaiana,Standby,2026-01-08 16:26:56.653
458,458,EMERG,Main,2026-01-08 16:26:57.461
459,459,EMERG,Standby,2026-01-08 16:26:58.388
460,460,LIB 1,Main,2026-01-08 16:26:59.015
461,461,LIB 1,Standby,2026-01-08 16:26:59.916
462,462,LIB 2,Main,2026-01-08 16:27:00.736
463,463,LIB 2,Standby,2026-01-08 16:27:01.543
464,464,CPPL,Main,2026-01-08 16:27:02.502
465,465,CPPL,Standby,2026-01-08 16:27:03.712
466,466,CAUX,Main,2026-01-08 16:27:04.534
467,467,CAUX,Standby,2026-01-08 16:27:05.757
468,468,EMERG,Main,2026-01-08 16:27:06.603
469,469,EMERG,Standby,2026-01-08 16:27:07.413
470,470,RTA 1,Main,2026-01-08 16:27:08.330
471,471,RTA 1,Standby,2026-01-08 16:27:09.094
472,472,RTA 2,Main,2026-01-08 16:27:09.956
473,473,RTA 2,Standby,2026-01-08 16:27:10.788
474,474,CPPL,Main,2026-01-08 16:27:11.851
475,475,CPPL,Standby,2026-01-08 16:27:12.671
476,476,CAUX,Main,2026-01-08 16:27:13.649
477,477,CAUX,Standby,2026-01-08 16:27:14.462
478,478,EMERG,Main,2026-01-08 16:27:15.288
479,479,EMERG,Standby,2026-01-08 16:27:16.106
480,480,CPPL,Main,2026-01-08 16:27:17.229
481,481,CPPL,Standby,2026-01-08 16:27:18.069
482,482,CAUX,Main,2026-01-08 16:27:18.777
483,483,CAUX,Standby,2026-01-08 16:27:19.482
484,484,EMERG,Main,2026-01-08 16:27:20.306
485,485,EMERG,Standby,2026-01-08 16:27:21.030
486,486,ITA 1,Main,2026-01-08 16:27:22.155
487,487,ITA 1,Standby,2026-01-08 16:27:22.868
488,488,ITA 2,Main,2026-01-08 16:27:23.685
489,489,ITA 2,Standby,2026-01-08 16:27:24.503
490,490,PSP 1,Main,2026-01-08 16:27:25.530
491,491,PSP 1,Standby,2026-01-08 16:27:26.446
492,492,PSP 2,Main,2026-01-08 16:27:27.170
493,493,PSP 2,Standby,2026-01-08 16:27:27.982
494,494,CPPL,Main,2026-01-08 16:27:29.214
495,495,CPPL,Standby,2026-01-08 16:27:29.860
496,496,CPPL,Main,2026-01-08 16:27:30.743
497,497,CPPL,Standby,2026-01-08 16:27:31.628
498,498,CAUX,Main,2026-01-08 16:27:32.380
499,499,CAUX,Standby,2026-01-08 16:27:33.094
500,500,CAUX,Main,2026-01-08 16:27:33.920
501,501,CAUX,Standby,2026-01-08 16:27:34.918
502,502,SMC,Main,2026-01-08 16:27:35.763
503,503,SMC,Standby,2026-01-08 16:27:36.679
504,504,SMC,Main,2026-01-08 16:27:37.500
505,505,SMC,Standby,2026-01-08 16:27:38.444
506,506,ATIS,Main,2026-01-08 16:27:39.343
507,507,ATIS,Standby,2026-01-08 16:27:40.164
508,508,CPPL,Main,2026-01-08 16:27:40.932
509,509,CPPL,Standby,2026-01-08 16:27:41.702
510,510,CPPL,Main,2026-01-08 16:27:42.527
511,511,CPPL,Standby,2026-01-08 16:27:43.160
512,512,CAUX,Main,2026-01-08 16:27:44.126
513,513,CAUX,Standby,2026-01-08 16:27:44.977
514,514,CAUX,Main,2026-01-08 16:27:45.864
515,515,CAUX,Standby,2026-01-08 16:27:46.535
516,516,EMERG,Main,2026-01-08 16:27:47.356
517,517,EMERG,Standby,2026-01-08 16:27:48.353
518,518,EMERG,Main,2026-01-08 16:27:49.196
519,519,EMERG,Standby,2026-01-08 16:27:50.197
520,520,CLRD,Main,2026-01-08 16:27:51.017
521,521,CLRD,Standby,2026-01-08 16:27:51.793
522,522,CLRD,Main,2026-01-08 16:27:52.555
523,523,CLRD,Standby,2026-01-08 16:27:53.484
524,524,EZE 1,Main,2026-01-08 16:27:54.256
525,525,EZE 1,Standby,2026-01-08 16:27:55.109
526,526,EZE 1,Main,2026-01-08 16:27:56.116
527,527,EZE 1,Standby,2026-01-08 16:27:56.832
528,528,EZE 1,Main,2026-01-08 16:27:57.676
529,529,EZE 1,Standby,2026-01-08 16:27:58.491
530,530,EZE 1,Main,2026-01-08 16:27:59.310
531,531,EZE 1,Standby,2026-01-08 16:28:00.234
532,532,EZE 2,Main,2026-01-08 16:28:01.124
533,533,EZE 2,Standby,2026-01-08 16:28:01.979
534,534,EZE 2,Main,2026-01-08 16:28:02.905
535,535,EZE 2,Standby,2026-01-08 16:28:03.819
536,536,EZE 2,Main,2026-01-08 16:28:04.738
537,537,EZE 2,Standby,2026-01-08 16:28:05.465
538,538,EZE 2,Main,2026-01-08 16:28:06.382
539,539,EZE 2,Standby,2026-01-08 16:28:07.586
540,540,DEFAULT,Main,2026-01-08 16:28:08.537
541,541,DEFAULT,Standby,2026-01-08 16:28:09.346
542,542,DEFAULT,Main,2026-01-08 16:28:10.071
543,543,DEFAULT,Standby,2026-01-08 16:28:10.987
544,544,DEFAULT,Main,2026-01-08 16:28:11.844
545,545,DEFAULT,Standby,2026-01-08 16:28:12.675
546,546,DEFAULT,Main,2026-01-08 16:28:13.446
547,547,DEFAULT,Standby,2026-01-08 16:28:14.268
548,548,DEFAULT,Main,2026-01-08 16:28:15.078
549,549,DEFAULT,Standby,2026-01-08 16:28:15.901
550,550,DEFAULT,Main,2026-01-08 16:28:16.621
551,551,DEFAULT,Standby,2026-01-08 16:28:17.515
552,552,DEFAULT,Main,2026-01-08 16:28:18.356
553,553,DEFAULT,Standby,2026-01-08 16:28:19.182
554,554,DEFAULT,Main,2026-01-08 16:28:19.961
555,555,DEFAULT,Standby,2026-01-08 16:28:20.816
556,556,DEFAULT,Main,2026-01-08 16:28:21.633
557,557,DEFAULT,Standby,2026-01-08 16:28:22.454
558,558,DEFAULT,Main,2026-01-08 16:28:23.278
559,559,DEFAULT,Standby,2026-01-08 16:28:24.094
560,560,DEFAULT,Main,2026-01-08 16:28:25.013
561,561,DEFAULT,Standby,2026-01-08 16:28:25.840
562,562,DEFAULT,Main,2026-01-08 16:28:26.728
563,563,DEFAULT,Standby,2026-01-08 16:28:27.469
564,566,CPPL,Main,2026-01-08 16:28:29.017
565,567,CPPL,Standby,2026-01-08 16:28:29.929
566,568,CAUX I,Main,2026-01-08 16:28:30.847
567,569,CAUX I,Standby,2026-01-08 16:28:31.678
568,570,CAUX II,Main,2026-01-08 16:28:32.593
569,571,CAUX II,Standby,2026-01-08 16:28:33.618
570,572,SMC,Main,2026-01-08 16:28:34.438
571,573,SMC,Standby,2026-01-08 16:28:35.255
572,574,CPPL,Main,2026-01-08 16:28:37.399
573,575,CPPL,Standby,2026-01-08 16:29:14.858
574,576,CAUX,Main,2026-01-08 16:29:15.903
575,577,CAUX,Standby,2026-01-08 16:29:16.872
576,578,EMERG,Main,2026-01-08 16:29:18.496
577,579,EMERG,Standby,2026-01-08 16:29:19.739
578,580,EMERG,Main,2026-01-08 16:29:20.730
579,581,EMERG,Standby,2026-01-08 16:29:21.650
580,582,CLRD,Main,2026-01-08 16:29:22.463
581,583,CLRD,Standby,2026-01-08 16:29:23.324
582,584,ATIS ESP.,Main,2026-01-08 16:29:24.209
583,585,ATIS ESP.,Standby,2026-01-08 16:29:25.416
584,586,ATIS ING.,Main,2026-01-08 16:29:26.152
585,587,ATIS ING.,Standby,2026-01-08 16:29:26.780
586,588,CPPL,Main,2026-01-08 16:29:27.708
587,589,CPPL,Standby,2026-01-08 16:29:28.413
588,590,CAUX,Main,2026-01-08 16:29:29.123
589,591,CAUX,Standby,2026-01-08 16:29:30.037
590,592,EMERG,Main,2026-01-08 16:29:30.863
591,593,EMERG,Standby,2026-01-08 16:29:31.684
592,594,SVO 1,Main,2026-01-08 16:29:32.467
593,595,SVO 1,Standby,2026-01-08 16:29:33.227
594,596,SVO 2,Main,2026-01-08 16:29:34.035
595,597,SVO 2,Standby,2026-01-08 16:29:34.961
596,598,CPPL,Main,2026-01-08 16:29:36.183
597,599,CPPL,Standby,2026-01-08 16:29:37.000
598,600,CAUX,Main,2026-01-08 16:29:38.357
599,601,CAUX,Standby,2026-01-08 16:29:39.064
600,602,EMERG,Main,2026-01-08 16:29:39.868
601,603,EMERG,Standby,2026-01-08 16:29:40.798
602,604,GUA 1,Main,2026-01-08 16:29:41.625
603,605,GUA 1,Standby,2026-01-08 16:29:42.493
604,606,GUA 2,Main,2026-01-08 16:29:43.236
605,607,GUA 2,Standby,2026-01-08 16:29:43.979
606,608,CPPL,Main,2026-01-08 16:29:45.103
607,609,CPPL,Standby,2026-01-08 16:29:46.022
608,610,CAUX,Main,2026-01-08 16:29:46.805
609,611,CAUX,Standby,2026-01-08 16:29:47.612
610,612,SMC,Main,2026-01-08 16:29:48.269
611,613,SMC,Standby,2026-01-08 16:29:48.982
612,614,ATIS,Main,2026-01-08 16:29:49.821
613,615,ATIS,Standby,2026-01-08 16:29:50.637
614,616,CPPL,Main,2026-01-08 16:29:51.448
615,617,CPPL,Standby,2026-01-08 16:29:52.363
616,618,CAUX,Main,2026-01-08 16:29:53.288
617,619,CAUX,Standby,2026-01-08 16:29:54.222
618,620,EMERG,Main,2026-01-08 16:29:55.126
619,621,EMERG,Standby,2026-01-08 16:29:55.918
620,622,ROS 1,Main,2026-01-08 16:29:56.667
621,623,ROS 1,Standby,2026-01-08 16:29:57.581
622,624,ROS 2,Main,2026-01-08 16:29:58.404
623,625,ROS 2,Standby,2026-01-08 16:29:59.138
624,626,CPPL,Main,2026-01-08 16:30:00.153
625,627,CPPL,Standby,2026-01-08 16:30:01.063
626,628,CAUX,Main,2026-01-08 16:30:01.840
627,629,CAUX,Standby,2026-01-08 16:30:02.675
628,630,EMERG,Main,2026-01-08 16:30:03.630
629,631,EMERG,Standby,2026-01-08 16:30:04.456
630,632,DIL 1,Main,2026-01-08 16:30:05.282
631,633,DIL 1,Standby,2026-01-08 16:30:05.982
632,634,DIL 2,Main,2026-01-08 16:30:06.902
633,635,DIL 2,Standby,2026-01-08 16:30:07.825
634,636,CPPL,Main,2026-01-08 16:30:08.849
635,637,CPPL,Standby,2026-01-08 16:30:09.811
636,638,CAUX,Main,2026-01-08 16:30:10.653
637,639,CAUX,Standby,2026-01-08 16:30:11.510
638,640,EMERG,Main,2026-01-08 16:30:12.443
639,641,EMERG,Standby,2026-01-08 16:30:13.248
640,642,MDP 1,Main,2026-01-08 16:30:14.078
641,643,MDP 1,Standby,2026-01-08 16:30:14.796
642,644,MDP 2,Main,2026-01-08 16:30:15.605
643,645,MDP 2,Standby,2026-01-08 16:30:16.481
644,646,CPPL,Main,2026-01-08 16:30:17.461
645,647,CPPL,Standby,2026-01-08 16:30:18.275
646,648,CAUX,Main,2026-01-08 16:30:18.990
647,649,CAUX,Standby,2026-01-08 16:30:19.927
648,650,SMC,Main,2026-01-08 16:30:20.739
649,651,SMC,Standby,2026-01-08 16:30:21.648
650,652,EMERG,Main,2026-01-08 16:30:22.575
651,653,EMERG,Standby,2026-01-08 16:30:23.512
652,654,CPPL,Main,2026-01-08 16:30:24.312
653,655,CPPL,Standby,2026-01-08 16:30:25.234
654,656,BCA 1,Main,2026-01-08 16:30:25.957
655,657,BCA 1,Standby,2026-01-08 16:30:26.771
656,658,BCA 2,Main,2026-01-08 16:30:27.586
657,659,BCA 2,Standby,2026-01-08 16:30:28.462
658,660,CPPL,Main,2026-01-08 16:30:29.438
659,661,CPPL,Standby,2026-01-08 16:30:30.273
660,662,CAUX,Main,2026-01-08 16:30:31.076
661,663,CAUX,Standby,2026-01-08 16:30:31.893
662,664,OSA 1,Main,2026-01-08 16:30:32.810
663,665,OSA 1,Standby,2026-01-08 16:30:33.738
664,666,OSA 2,Main,2026-01-08 16:30:34.667
665,667,OSA 2,Standby,2026-01-08 16:30:35.572
666,668,CPPL,Main,2026-01-08 16:30:36.804
667,669,CPPL,Standby,2026-01-08 16:30:37.625
668,670,CAUX,Main,2026-01-08 16:30:38.581
669,671,CAUX,Standby,2026-01-08 16:30:39.371
670,672,SMC,Main,2026-01-08 16:30:40.208
671,673,SMC,Standby,2026-01-08 16:30:41.058
672,674,EMERG,Main,2026-01-08 16:30:41.757
673,675,EMERG,Standby,2026-01-08 16:30:42.610
674,676,ATIS,Main,2026-01-08 16:30:43.357
675,677,ATIS,Standby,2026-01-08 16:30:44.290
676,678,NEU 1,Main,2026-01-08 16:30:45.100
677,679,NEU 1,Standby,2026-01-08 16:30:45.929
678,680,NEU 2,Main,2026-01-08 16:30:46.641
679,681,NEU 2,Standby,2026-01-08 16:30:47.554
680,682,CPPL,Main,2026-01-08 16:30:48.683
681,683,CPPL,Standby,2026-01-08 16:30:49.706
682,684,CAUX,Main,2026-01-08 16:30:50.494
683,685,CAUX,Standby,2026-01-08 16:30:51.242
684,686,EMERG,Main,2026-01-08 16:30:52.132
685,687,EMERG,Standby,2026-01-08 16:30:52.983
686,688,DIA 1,Main,2026-01-08 16:30:53.930
687,689,DIA 1,Standby,2026-01-08 16:30:54.928
688,690,DIA 1,Main,2026-01-08 16:30:55.814
689,691,DIA 1,Standby,2026-01-08 16:30:56.672
690,692,DIA 2,Main,2026-01-08 16:30:57.463
691,693,DIA 2,Standby,2026-01-08 16:30:58.250
692,694,DIA 2,Main,2026-01-08 16:30:59.021
693,695,DIA 2,Standby,2026-01-08 16:30:59.746
694,696,CPPL,Main,2026-01-08 16:31:00.769
695,697,CPPL,Standby,2026-01-08 16:31:01.690
696,698,CAUX,Main,2026-01-08 16:31:02.511
697,699,CAUX,Standby,2026-01-08 16:31:03.328
698,700,EMERG,Main,2026-01-08 16:31:04.989
699,701,EMERG,Standby,2026-01-08 16:31:05.694
700,702,SMC,Main,2026-01-08 16:31:06.612
701,703,SMC,Standby,2026-01-08 16:31:07.423
702,704,ATIS,Main,2026-01-08 16:31:08.244
703,705,ATIS,Standby,2026-01-08 16:31:08.902
704,706,CPPL,Main,2026-01-08 16:31:09.986
705,707,CPPL,Standby,2026-01-08 16:31:10.967
706,708,CAUX,Main,2026-01-08 16:31:11.805
707,709,CAUX,Standby,2026-01-08 16:31:12.642
708,710,EMERG,Main,2026-01-08 16:31:13.426
709,711,EMERG,Standby,2026-01-08 16:31:14.106
710,712,SMC,Main,2026-01-08 16:31:14.806
711,713,SMC,Standby,2026-01-08 16:31:15.587
712,714,ATIS,Main,2026-01-08 16:31:16.432
713,715,ATIS,Standby,2026-01-08 16:31:17.154
714,716,CPPL,Main,2026-01-08 16:31:18.377
715,717,CPPL,Standby,2026-01-08 16:31:19.150
716,718,CAUX,Main,2026-01-08 16:31:19.958
717,719,CAUX,Standby,2026-01-08 16:31:20.706
718,720,EMERG,Main,2026-01-08 16:31:21.556
719,721,EMERG,Standby,2026-01-08 16:31:22.479
720,722,PAR 1,Main,2026-01-08 16:31:23.313
721,723,PAR 1,Standby,2026-01-08 16:31:24.115
722,724,PAR 2,Main,2026-01-08 16:31:24.934
723,725,PAR 2,Standby,2026-01-08 16:31:25.754
724,726,PEH 1,Main,2026-01-08 16:31:26.824
725,727,PEH 1,Standby,2026-01-08 16:31:27.595
726,728,PEH 2,Main,2026-01-08 16:31:28.517
727,729,PEH 2,Standby,2026-01-08 16:31:29.341
728,730,CPPL,Main,2026-01-08 16:31:30.468
729,731,CPPL,Standby,2026-01-08 16:31:31.385
730,732,CAUX,Main,2026-01-08 16:31:32.515
731,733,CAUX,Standby,2026-01-08 16:31:33.333
732,734,ATIS,Main,2026-01-08 16:31:34.152
733,735,ATIS,Standby,2026-01-08 16:31:35.070
734,736,SMC,Main,2026-01-08 16:31:35.867
735,737,SMC,Standby,2026-01-08 16:31:36.709
736,738,EMERG,Main,2026-01-08 16:31:37.633
737,739,EMERG,Standby,2026-01-08 16:31:38.585
738,740,CLRD,Main,2026-01-08 16:31:39.472
739,741,CLRD,Standby,2026-01-08 16:31:40.289
740,742,CPPL,Main,2026-01-08 16:31:41.417
741,743,CPPL,Standby,2026-01-08 16:31:42.337
742,744,CAUX,Main,2026-01-08 16:31:43.361
743,745,CAUX,Standby,2026-01-08 16:31:44.471
744,746,SMC,Main,2026-01-08 16:31:45.309
745,747,SMC,Standby,2026-01-08 16:31:46.233
746,748,CPPL,Main,2026-01-08 16:31:47.360
747,749,CPPL,Standby,2026-01-08 16:31:48.131
748,750,CAUX,Main,2026-01-08 16:31:48.895
749,751,CAUX,Standby,2026-01-08 16:31:49.649
750,752,EMERG,Main,2026-01-08 16:31:50.455
751,753,EMERG,Standby,2026-01-08 16:31:51.210
752,754,CPPL,Main,2026-01-08 16:31:52.176
753,755,CPPL,Standby,2026-01-08 16:31:53.093
754,756,CAUX,Main,2026-01-08 16:31:54.018
755,757,CAUX,Standby,2026-01-08 16:31:54.747
756,758,EMERG,Main,2026-01-08 16:31:55.681
757,759,EMERG,Standby,2026-01-08 16:31:56.580
758,760,NIN 1,Main,2026-01-08 16:31:57.395
759,761,NIN 1,Standby,2026-01-08 16:31:58.317
760,762,NIN 2,Main,2026-01-08 16:31:59.849
761,763,NIN 2,Standby,2026-01-08 16:32:00.771
762,764,CPPL,Main,2026-01-08 16:32:02.105
763,765,CPPL,Standby,2026-01-08 16:32:03.032
764,766,CAUX,Main,2026-01-08 16:32:03.950
765,767,CAUX,Standby,2026-01-08 16:32:04.771
766,768,EMERG,Main,2026-01-08 16:32:06.128
767,769,EMERG,Standby,2026-01-08 16:32:06.943
768,770,CPPL,Main,2026-01-08 16:32:08.047
769,771,CPPL,Standby,2026-01-08 16:32:08.936
770,772,CAUX,Main,2026-01-08 16:32:09.799
771,773,CAUX,Standby,2026-01-08 16:32:11.236
772,774,SMC,Main,2026-01-08 16:32:12.245
773,775,SMC,Standby,2026-01-08 16:32:13.191
774,776,EMERG,Main,2026-01-08 16:32:14.287
775,777,EMERG,Standby,2026-01-08 16:32:15.011
776,778,ATIS,Main,2026-01-08 16:32:15.950
777,779,ATIS,Standby,2026-01-08 16:32:16.766
778,780,CPPL,Main,2026-01-08 16:32:17.693
779,781,CPPL,Standby,2026-01-08 16:32:18.599
780,782,CAUX,Main,2026-01-08 16:32:19.514
781,783,CAUX,Standby,2026-01-08 16:32:20.337
782,784,EMERG,Main,2026-01-08 16:32:21.156
783,785,EMERG,Standby,2026-01-08 16:32:21.911
784,786,LBY 1,Main,2026-01-08 16:32:22.895
785,787,LBY 1,Main,2026-01-08 16:32:23.710
786,788,LBY 1,Standby,2026-01-08 16:32:24.641
787,789,LBY 1,Standby,2026-01-08 16:32:25.365
788,790,LBY 2,Main,2026-01-08 16:32:26.070
789,791,LBY 2,Main,2026-01-08 16:32:26.888
790,792,LBY 2,Standby,2026-01-08 16:32:27.813
791,793,LBY 2,Standby,2026-01-08 16:32:28.639
792,794,OEL 1,Main,2026-01-08 16:32:29.865
793,795,OEL 1,Standby,2026-01-08 16:32:30.850
794,796,OEL 2,Main,2026-01-08 16:32:31.807
795,797,OEL 2,Standby,2026-01-08 16:32:32.756
796,798,CHA 1,Main,2026-01-08 16:32:33.816
797,799,CHA 1,Standby,2026-01-08 16:32:34.527
798,800,CHA 2,Main,2026-01-08 16:32:35.594
799,801,CHA 2,Standby,2026-01-08 16:32:36.323
800,802,PGA 1,Main,2026-01-08 16:32:37.301
801,803,PGA 1,Standby,2026-01-08 16:32:38.062
802,804,PGA 2,Main,2026-01-08 16:32:38.905
803,805,PGA 2,Standby,2026-01-08 16:32:39.806
